Column,count,unique,top,freq,mean,std,min,25%,50%,75%,max
MachineIdentifier,8921483,8921483,ffffff75ba4f33d938ccfdb148b8ea16,1,,,,,,,
ProductName,8921483,6,win8defender,8826520,,,,,,,
EngineVersion,8921483,70,1.1.15200.1,3845067,,,,,,,
AppVersion,8921483,110,4.18.1807.18075,5139224,,,,,,,
AvSigVersion,8921483,8531,1.273.1420.0,102317,,,,,,,
IsBeta,8921483,2,0,8921416,,,,,,,
RtpStateBitfield,8889165,7,7,8651487,,,,,,,
IsSxsPassiveMode,8921483,2,0,8766840,,,,,,,
DefaultBrowsersIdentifier,433438,2017,239,46056,,,,,,,
AVProductStatesIdentifier,8885262,28970,53447,5824565,,,,,,,
AVProductsInstalled,8885262,,,,,0.0,0.0,1.0,1.0,2.0,7.0
AVProductsEnabled,8885262,,,,,0.0,0.0,1.0,1.0,1.0,5.0
HasTpm,8921483,2,1,8814167,,,,,,,
CountryIdentifier,8921483,222,43,397172,,,,,,,
CityIdentifier,8596074,107366,130775,94812,,,,,,,
OrganizationIdentifier,6169965,49,27,4196457,,,,,,,
GeoNameIdentifier,8921270,292,277,1531929,,,,,,,
LocaleEnglishNameIdentifier,8921483,276,75,2094585,,,,,,,
Platform,8921483,4,windows10,8618715,,,,,,,
Processor,8921483,3,x64,8105435,,,,,,,
OsVer,8921483,58,10.0.0.0,8632545,,,,,,,
OsBuild,8921483,76,17134,3915521,,,,,,,
OsSuite,8921483,14,768,5560661,,,,,,,
OsPlatformSubRelease,8921483,9,rs4,3915526,,,,,,,
OsBuildLab,8921462,663,17134.1.amd64fre.rs4_release.180410-1804,3658199,,,,,,,
SkuEdition,8921483,8,Home,5514341,,,,,,,
IsProtected,8885439,2,1,8402282,,,,,,,
AutoSampleOptIn,8921483,2,0,8921225,,,,,,,
PuaMode,2309,2,on,2307,,,,,,,
SMode,8383724,2,0,8379843,,,,,,,
IeVerIdentifier,8862589,303,137,3885842,,,,,,,
SmartScreen,5744472,21,RequireAdmin,4316183,,,,,,,
Firewall,8830133,2,1,8641014,,,,,,,
UacLuaenable,8910645,11,1,8856517,,,,,,,
Census_MDC2FormFactor,8921483,13,Notebook,5723319,,,,,,,
Census_DeviceFamily,8921483,3,Windows.Desktop,8907053,,,,,,,
Census_OEMNameIdentifier,8826005,3832,2668,1287275,,,,,,,
Census_OEMModelIdentifier,8819250,175365,313586,304782,,,,,,,
Census_ProcessorCoreCount,8880177,,,,,0.0,1.0,2.0,4.0,4.0,192.0
Census_ProcessorManufacturerIdentifier,8880170,7,5,7839318,,,,,,,
Census_ProcessorModelIdentifier,8880140,3428,2697,289283,,,,,,,
Census_ProcessorClass,36631,3,mid,20914,,,,,,,
Census_PrimaryDiskTotalCapacity,8868467,,,,3089053.25,4451634176.0,0.0,239372.0,476940.0,953869.0,8160436813824.0
Census_PrimaryDiskTypeName,8550388,3,HDD,5806804,,,,,,,
Census_SystemVolumeTotalCapacity,8868481,,,,377368.21875,325879.0625,0.0,120775.0,249500.0,475973.0,47687100.0
Census_HasOpticalDiskDrive,8921483,2,0,8232858,,,,,,,
Census_TotalPhysicalRAM,8840950,,,,6115.2568359375,5115.82080078125,255.0,4096.0,4096.0,8192.0,1572864.0
Census_ChassisTypeName,8843637,50,Notebook,5248812,,,,,,,
Census_InternalPrimaryDiagonalDisplaySizeInInches,8874349,,,,,0.0,0.7001953125,13.8984375,15.5,17.203125,182.25
Census_InternalPrimaryDisplayResolutionHorizontal,8874497,,,,,,-1.0,1366.0,1366.0,1920.0,12288.0
Census_InternalPrimaryDisplayResolutionVertical,8874497,,,,,,-1.0,768.0,768.0,1080.0,8640.0
Census_PowerPlatformRoleName,8900800,9,Mobile,6182908,,,,,,,
Census_InternalBatteryType,2583054,78,lion,2028256,,,,,,,
Census_InternalBatteryNumberOfCharges,8652728,,,,1123781632.0,1887781760.0,0.0,0.0,0.0,4294967296.0,4294967296.0
Census_OSVersion,8921483,469,10.0.17134.228,1413627,,,,,,,
Census_OSArchitecture,8921483,3,amd64,8105885,,,,,,,
Census_OSBranch,8921483,32,rs4_release,4009158,,,,,,,
Census_OSBuildNumber,8921483,165,17134,4008881,,,,,,,
Census_OSBuildRevision,8921483,285,228,1413633,,,,,,,
Census_OSEdition,8921483,33,Core,3469991,,,,,,,
Census_OSSkuName,8921483,30,CORE,3469869,,,,,,,
Census_OSInstallTypeName,8921483,9,UUPUpgrade,2608037,,,,,,,
Census_OSInstallLanguageIdentifier,8861399,39,8,3179262,,,,,,,
Census_OSUILocaleIdentifier,8921483,147,31,3170824,,,,,,,
Census_OSWUAutoUpdateOptionsName,6401558,5,FullAuto,3954497,,,,,,,
Census_IsPortableOperatingSystem,8921483,2,0,8916619,,,,,,,
Census_GenuineStateName,8907657,4,IS_GENUINE,7877597,,,,,,,
Census_ActivationChannel,8921483,6,Retail,4727589,,,,,,,
Census_IsFlightingInternal,1512724,2,0,1512703,,,,,,,
Census_IsFlightsDisabled,8760960,2,0,8760872,,,,,,,
Census_FlightRing,8678045,9,Retail,8355679,,,,,,,
Census_ThresholdOptIn,3254158,2,0,3253342,,,,,,,
Census_FirmwareManufacturerIdentifier,8738226,712,142,2699078,,,,,,,
Census_FirmwareVersionIdentifier,8761350,50494,33105,89611,,,,,,,
Census_IsSecureBootEnabled,8921483,2,0,4585438,,,,,,,
Census_IsWIMBootEnabled,3261780,2,0,3261779,,,,,,,
Census_IsVirtualDevice,8905530,2,0,8842840,,,,,,,
Census_IsTouchEnabled,8921483,2,0,7801452,,,,,,,
Census_IsPenCapable,8921483,2,0,8581834,,,,,,,
Census_IsAlwaysOnAlwaysConnectedCapable,8850140,2,0,8341972,,,,,,,
Wdft_IsGamer,8618032,2,0,6174143,,,,,,,
Wdft_RegionIdentifier,8618032,15,10,1800105,,,,,,,
HasDetections,8921483,,,,0.49979269141688665,0.4999999850453968,0.0,0.0,0.0,1.0,1.0
