Census_OSEdition,CLOUD,CLOUDN,CORE,CORE_COUNTRYSPECIFIC,CORE_N,CORE_SINGLELANGUAGE,DATACENTER_EVALUATION_SERVER,DATACENTER_SERVER,EDUCATION,EDUCATION_N,ENTERPRISE,ENTERPRISEG,ENTERPRISE_N,ENTERPRISE_S,ENTERPRISE_S_N,PROFESSIONAL,PROFESSIONAL_N,PRO_CHINA,PRO_FOR_EDUCATION,PRO_SINGLE_LANGUAGE,PRO_WORKSTATION,PRO_WORKSTATION_N,SB_SOLUTION_SERVER,SERVERRDSH,STANDARD_EVALUATION_SERVER,STANDARD_SERVER,STARTER,ULTIMATE,UNDEFINED,UNLICENSED
Cloud,6159,0,0,4,0,0,0,0,0,0,0,0,0,0,0,112,0,0,0,0,0,0,0,0,0,0,0,0,0,0
CloudN,0,7,0,0,0,0,0,0,0,0,0,0,0,0,0,0,1,0,0,0,0,0,0,0,0,0,0,0,0,0
Core,0,0,3469553,0,1,58,0,0,5,0,25,0,0,0,0,337,0,0,0,0,0,0,0,0,0,0,0,0,1,11
CoreCountrySpecific,2,0,54,165877,0,1,0,0,1,0,2,0,0,0,0,163,0,0,0,0,0,0,0,0,0,0,0,0,0,0
CoreN,0,0,1,0,4786,0,0,0,0,0,0,0,0,0,0,0,3,0,0,0,0,0,0,0,0,0,0,0,0,0
CoreSingleLanguage,0,0,206,0,0,1945013,0,0,5,0,9,0,0,1,0,218,1,0,0,0,0,0,0,0,0,2,0,0,0,6
Education,0,0,0,0,0,0,0,0,40682,0,2,0,0,0,0,20,0,0,0,0,0,0,0,0,0,0,0,0,0,0
EducationN,0,0,1,0,0,2,0,0,0,927,0,0,0,0,0,2,0,0,0,0,0,0,0,0,0,0,0,0,0,0
Enterprise,0,0,5,0,0,0,0,0,93,0,35382,0,0,1,0,120,0,0,0,0,0,0,0,0,2,0,0,0,0,0
Enterprise 2015 LTSB,0,0,0,0,0,0,0,0,0,0,0,0,0,1,0,0,0,0,0,0,0,0,0,0,0,0,0,0,0,0
EnterpriseN,0,0,0,0,0,0,0,0,0,0,0,0,347,0,1,1,2,0,0,0,0,0,0,0,0,0,0,0,0,0
EnterpriseS,0,0,1,0,0,0,0,0,0,0,1,0,0,20016,1,1,0,0,0,0,0,0,0,0,0,0,0,0,0,0
EnterpriseSN,0,0,0,0,0,0,0,0,0,0,0,0,0,0,878,0,0,0,0,0,0,0,0,0,0,0,0,0,0,0
Home,0,0,0,0,0,0,0,0,0,0,0,0,0,0,0,4,0,0,0,0,0,0,0,0,0,0,0,0,0,0
HomePremium,0,0,1,0,0,0,0,0,0,0,0,0,0,0,0,0,0,0,0,0,0,0,0,0,0,0,1,0,0,0
Pro,0,0,0,0,0,0,0,0,0,0,1,0,0,0,0,0,0,0,0,0,0,0,0,0,0,0,0,0,0,0
Professional,6,0,47,5,0,55,0,0,36,0,179,1,0,3,1,3130231,1,0,0,0,1,0,0,0,0,0,0,0,0,0
ProfessionalCountrySpecific,0,0,0,0,0,0,0,0,0,0,0,0,0,0,0,0,0,5,0,0,0,0,0,0,0,0,0,0,0,0
ProfessionalEducation,0,0,0,0,0,0,0,0,2,0,0,0,0,0,0,56693,0,0,3,0,0,0,0,0,0,0,0,0,0,0
ProfessionalEducationN,0,0,0,0,0,0,0,0,0,0,0,0,0,0,0,0,192,0,0,0,0,0,0,0,0,0,0,0,0,0
ProfessionalN,0,0,0,0,0,4,0,0,0,0,0,0,9,0,0,7,28321,0,0,0,0,0,0,0,0,0,0,0,0,0
ProfessionalSingleLanguage,0,0,0,0,0,0,0,0,0,0,0,0,0,0,0,1,0,0,0,2,0,0,0,0,0,0,0,0,0,0
ProfessionalWorkstation,0,0,0,0,0,0,0,0,3,0,0,0,0,0,0,2,0,0,0,0,123,0,0,0,0,0,0,0,0,0
ProfessionalWorkstationN,0,0,0,0,0,0,0,0,0,0,0,0,0,0,0,0,1,0,0,0,0,12,0,0,0,0,0,0,0,0
ServerDatacenter,0,0,0,0,0,0,0,14,0,0,0,0,0,0,0,0,0,0,0,0,0,0,0,0,0,1,0,0,0,0
ServerDatacenterACor,0,0,0,0,0,0,0,0,0,0,0,0,0,0,0,1,0,0,0,0,0,0,0,0,0,0,0,0,0,0
ServerDatacenterEval,0,0,0,0,0,0,829,0,0,0,0,0,0,0,0,0,0,0,0,0,0,0,0,0,0,0,0,0,0,0
ServerRdsh,0,0,0,0,0,0,0,0,0,0,0,0,0,0,0,0,0,0,0,0,0,0,0,4,0,0,0,0,0,0
ServerSolution,0,0,0,0,0,0,0,0,0,0,0,0,0,0,0,0,0,0,0,0,0,0,683,0,0,0,0,0,0,0
ServerStandard,0,0,0,0,0,0,0,0,0,0,0,0,0,0,0,0,0,0,0,0,0,0,1,0,8,10119,0,0,0,0
ServerStandardEval,0,0,0,0,0,0,0,0,0,0,0,0,0,0,0,0,0,0,0,0,0,0,0,0,2745,6,0,0,0,0
Ultimate,0,0,0,0,0,0,0,0,0,0,0,0,0,0,0,0,0,0,0,0,0,0,0,0,0,0,0,4,0,0
professional,0,0,0,0,0,0,0,0,0,0,1,0,0,0,0,0,0,0,0,0,0,0,0,0,0,0,0,0,0,0
